id;title;path;validity_end_date;signature;signature_content_type
1;Cheese Steel;Wooden Ergonomic Steel Gloves;2019-05-21T22:16:35;6f6e6c696e6520652d627573696e657373;image/png
2;systems integrate;Web HTTP;2019-05-22T12:32:45;455845207061796d656e74;image/png
3;Checking Account;invoice Outdoors New York;2019-05-21T20:14:31;6861707469632070617273696e67;image/png
4;revolutionize Branding;teal analyzing yellow;2019-05-22T09:45:11;48616e646372616674656420506c6173746963205368697274207175616e74696679696e67;image/png
5;wireless;hybrid;2019-05-22T15:58:17;736368656d6173205370656369616c697374204368696e61;image/png
6;quantify multi-byte;interface Cotton Robust;2019-05-22T04:52:28;62616e647769647468;image/png
7;application Configurable iterate;Berkshire navigating;2019-05-22T11:07:34;536d616c6c2046726f7a656e2053616c616420627970617373696e67;image/png
8;time-frame Quality;Borders Borders Practical;2019-05-22T16:36:23;44616e697368204b726f6e65207061727365;image/png
9;neural Wooden Optimization;Tasty Rubber Car mindshare EXE;2019-05-22T10:23:07;53444420627970617373696e67;image/png
10;Algerian Dinar Fantastic Fresh Salad;Steel Avon Visionary;2019-05-22T04:51:22;496e746572616374696f6e73;image/png
